Unnamed: 0,Transaccion,Precio,Superficie,Antiguedad,VPO,Calefaccion,Habitaciones,Ascensor,Garaje,Precio_m2
1,1,36294.0,52,43.73,0,Electrica,Entre 2 y 3,No,Si,697.9615
2,2,37267.97,55,38.32,1,Central,Entre 2 y 3,Si,No,677.5995
3,3,37267.97,78,38.32,0,Central,Entre 2 y 3,No,No,477.7945
4,4,37514.55,64,13.61,1,Gas,Entre 2 y 3,Si,Si,586.1648
5,5,37933.0,50,41.73,1,Electrica,Entre 2 y 3,No,No,758.66
6,6,38530.0,52,31.7,0,Electrica,Entre 2 y 3,No,No,740.9615
7,7,39000.0,55,31.64,0,Central,Entre 2 y 3,No,No,709.0909
8,8,39065.78,48,34.73,1,Central,Entre 2 y 3,No,No,813.8704
9,9,39065.79,56,44.95,0,Central,Entre 2 y 3,Si,Si,697.6034
10,10,39066.0,63,68.08,0,No,Entre 2 y 3,No,No,620.0952
11,11,39682.44,71,42.96,0,Central,Entre 2 y 3,No,No,558.9076
12,12,40000.0,63,41.36,1,No,Entre 2 y 3,No,No,634.9206
13,13,40600.0,64,40.69,0,Electrica,Entre 2 y 3,No,No,634.375
14,14,41100.0,40,29.7,0,Electrica,Entre 2 y 3,Si,Si,1027.5
15,15,41184.95,60,32.41,1,No,Entre 2 y 3,No,Si,686.4158
16,16,41203.92,52,42.28,1,Central,Entre 2 y 3,No,No,792.3831
17,17,41840.0,52,37.68,1,Gas,Entre 2 y 3,No,No,804.6154
18,18,41866.92,64,35.42,0,Central,Entre 2 y 3,Si,No,654.1706
19,19,41866.92,64,35.42,0,Central,Entre 2 y 3,Si,No,654.1706
20,20,41915.0,50,42.21,1,Central,Entre 2 y 3,No,No,838.3
21,21,42021.0,56,40.44,1,No,Entre 2 y 3,No,No,750.375
22,22,42070.85,115,39.94,1,Central,Mas de 3,Si,No,365.8335
23,23,42071.0,62,39.53,1,Electrica,Entre 2 y 3,No,No,678.5645
24,24,42131.57,91,53.21,1,No,Entre 2 y 3,No,No,462.9843
25,25,42704.28,64,35.49,0,No,Entre 2 y 3,Si,No,667.2544
26,26,43258.0,56,34.3,0,Central,Entre 2 y 3,No,No,772.4643
27,27,43677.84,56,38.72,1,Gas,Entre 2 y 3,No,No,779.9614
28,28,44500.0,65,35.47,1,No,Entre 2 y 3,No,No,684.6154
29,29,45000.0,69,35.36,0,No,Entre 2 y 3,No,No,652.1739
30,30,45075.0,68,44.15,1,Electrica,Entre 2 y 3,No,No,662.8676
31,31,45493.0,50,40.91,1,No,Entre 2 y 3,No,No,909.86
32,32,45500.0,48,42.34,1,Central,Menos de 2,No,No,947.9167
33,33,45631.99,65,39.88,1,Central,Entre 2 y 3,No,No,702.0306
34,34,45750.0,76,27.64,1,Gas,Entre 2 y 3,Si,No,601.9737
35,35,47129.84,71,23.56,1,Gas,Entre 2 y 3,Si,Si,663.8006
36,36,47179.5,58,43.52,1,Central,Entre 2 y 3,No,No,813.4397
37,37,48080.0,50,45.08,0,Electrica,Entre 2 y 3,No,No,961.6
38,38,48080.97,58,26.4,0,Central,Menos de 2,Si,No,828.9822
39,39,48135.72,65,39.36,1,Gas,Entre 2 y 3,No,No,740.5495
40,40,48135.72,65,39.36,1,Gas,Entre 2 y 3,No,No,740.5495
41,41,48793.84,79,35.38,1,No,Entre 2 y 3,Si,No,617.6435
42,42,48793.84,78,38.38,0,Gas,Entre 2 y 3,Si,No,625.5621
43,43,49583.5,56,42.49,0,No,Entre 2 y 3,No,No,885.4196
44,44,50000.0,66,40.42,1,Central,Entre 2 y 3,No,No,757.5758
45,45,50000.0,61,33.76,0,No,Entre 2 y 3,No,No,819.6721
46,46,50216.29,56,36.66,0,Central,Entre 2 y 3,Si,No,896.7195
47,47,50970.0,68,37.49,1,Electrica,Entre 2 y 3,Si,No,749.5588
48,48,51000.0,75,30.58,1,Electrica,Entre 2 y 3,Si,Si,680.0
49,49,51086.0,68,31.62,1,Electrica,Entre 2 y 3,Si,No,751.2647
50,50,51086.0,68,37.48,0,No,Mas de 3,Si,No,751.2647
51,51,51086.03,185,62.57,0,No,Mas de 3,Si,Si,276.1407
52,52,52000.0,40,35.06,0,Electrica,Entre 2 y 3,No,No,1300.0
53,53,52450.0,70,33.87,0,Central,Entre 2 y 3,No,No,749.2857
54,54,52910.0,75,15.73,1,Gas,Entre 2 y 3,Si,Si,705.4667
55,55,53000.0,61,32.68,0,Gas,Entre 2 y 3,No,Si,868.8525
56,56,53565.0,50,23.92,0,Gas,Entre 2 y 3,Si,Si,1071.3
57,57,54000.0,52,31.91,0,Electrica,Entre 2 y 3,No,No,1038.4615
58,58,54091.09,40,40.69,0,No,Entre 2 y 3,No,No,1352.2772
59,59,54100.0,83,42.26,1,Gas,Entre 2 y 3,No,No,651.8072
60,60,54125.0,65,68.32,0,Electrica,Entre 2 y 3,No,Si,832.6923
61,61,54130.0,70,34.7,0,Central,Entre 2 y 3,No,No,773.2857
62,62,54368.0,84,47.3,0,Gas,Entre 2 y 3,No,No,647.2381
63,63,54593.86,63,32.21,0,No,Entre 2 y 3,Si,No,866.5692
64,64,55000.0,64,28.39,1,Central,Entre 2 y 3,Si,Si,859.375
65,65,55248.9,80,15.76,1,Gas,Entre 2 y 3,Si,No,690.6113
66,66,55593.62,48,42.65,1,No,Entre 2 y 3,No,No,1158.2004
67,67,55610.55,60,35.89,0,No,Entre 2 y 3,Si,No,926.8425
68,68,56161.81,74,37.28,0,Central,Entre 2 y 3,No,No,758.9434
69,69,56495.0,56,36.53,0,No,Entre 2 y 3,No,No,1008.8393
70,70,56810.32,69,28.98,0,Central,Entre 2 y 3,Si,Si,823.338
71,71,57096.0,48,39.9,0,Central,Entre 2 y 3,No,No,1189.5
72,72,57096.0,60,40.61,1,No,Entre 2 y 3,Si,No,951.6
73,73,57096.15,62,42.35,0,No,Entre 2 y 3,No,No,920.9056
74,74,57644.6,78,4.28,1,Gas,Entre 2 y 3,Si,Si,739.0333
75,75,57760.0,78,37.49,1,Central,Entre 2 y 3,No,No,740.5128
76,76,57822.54,76,36.74,0,Central,Entre 2 y 3,No,No,760.8229
77,77,58209.5,68,36.1,0,No,Entre 2 y 3,Si,Si,856.0221
78,78,58731.58,74,31.94,0,Central,Entre 2 y 3,Si,No,793.67
79,79,59305.0,68,13.42,0,Central,Entre 2 y 3,Si,No,872.1324
80,80,59400.0,84,24.56,0,Gas,Entre 2 y 3,Si,Si,707.1429
81,81,59500.0,40,25.1,0,Gas,Menos de 2,Si,No,1487.5
82,82,59697.03,71,36.88,0,Gas,Entre 2 y 3,Si,No,840.8032
83,83,60000.0,40,28.02,0,No,Menos de 2,Si,No,1500.0
84,84,60000.0,48,41.98,0,Central,Menos de 2,No,No,1250.0
85,85,60000.0,55,38.89,1,No,Entre 2 y 3,No,No,1090.9091
86,86,60000.0,74,32.76,1,Gas,Entre 2 y 3,Si,Si,810.8108
87,87,60000.0,55,53.98,0,Gas,Entre 2 y 3,No,No,1090.9091
88,88,60000.0,59,32.44,1,Central,Entre 2 y 3,Si,Si,1016.9492
89,89,60000.0,83,45.09,1,Central,Entre 2 y 3,Si,No,722.8916
90,90,60000.0,105,26.91,0,Central,Mas de 3,Si,No,571.4286
91,91,60000.0,95,44.43,1,Central,Mas de 3,No,No,631.5789
92,92,60100.0,72,32.36,1,No,Entre 2 y 3,Si,Si,834.7222
93,93,60100.0,52,33.3,0,Electrica,Entre 2 y 3,Si,No,1155.7692
94,94,60101.0,40,42.69,1,No,Menos de 2,No,No,1502.525
95,95,60101.0,75,35.65,0,No,Entre 2 y 3,No,Si,801.3467
96,96,60101.21,56,39.99,1,Central,Menos de 2,No,No,1073.2359
97,97,60101.21,40,41.0,0,Electrica,Entre 2 y 3,No,No,1502.5303
98,98,60101.21,52,58.01,1,Electrica,Entre 2 y 3,No,Si,1155.7925
99,99,60109.01,52,34.74,0,Electrica,Entre 2 y 3,No,No,1155.9425
100,100,61155.0,70,31.35,0,Central,Entre 2 y 3,Si,Si,873.6429
101,101,61155.0,70,31.35,0,No,Entre 2 y 3,Si,Si,873.6429
102,102,61500.0,66,31.29,0,No,Entre 2 y 3,No,Si,931.8182
103,103,62121.45,48,41.95,0,Gas,Entre 2 y 3,No,No,1294.1969
104,104,63106.0,69,33.47,0,Central,Entre 2 y 3,No,No,914.5797
105,105,63106.27,50,40.99,1,Gas,Entre 2 y 3,No,No,1262.1254
106,106,63106.27,50,40.75,1,Central,Entre 2 y 3,No,No,1262.1254
107,107,64000.0,62,40.9,0,Electrica,Entre 2 y 3,No,No,1032.2581
108,108,65331.34,68,42.12,1,Gas,Entre 2 y 3,No,No,960.755
109,109,65360.0,40,28.35,0,Central,Menos de 2,Si,Si,1634.0
110,110,65558.0,72,40.98,0,No,Entre 2 y 3,Si,No,910.5278
111,111,65800.0,64,39.61,1,Central,Entre 2 y 3,No,No,1028.125
112,112,66000.0,58,58.45,0,Gas,Entre 2 y 3,No,No,1137.931
113,113,66000.0,82,29.95,0,Electrica,Entre 2 y 3,No,Si,804.878
114,114,66000.0,70,37.09,0,Central,Entre 2 y 3,No,No,942.8571
115,115,66000.0,89,35.87,0,Gas,Mas de 3,No,No,741.573
116,116,66111.33,60,43.85,1,Central,Entre 2 y 3,No,Si,1101.8555
117,117,66120.5,73,36.89,0,No,Entre 2 y 3,Si,No,905.7603
118,118,67000.0,63,42.61,0,No,Entre 2 y 3,No,No,1063.4921
119,119,67374.45,82,48.77,0,Gas,Entre 2 y 3,No,No,821.6396
120,120,67843.0,82,35.6,0,No,Entre 2 y 3,No,No,827.3537
121,121,68000.0,125,39.71,0,Central,Mas de 3,Si,No,544.0
122,122,68131.57,40,26.63,0,Central,Menos de 2,Si,No,1703.2893
123,123,68466.87,84,47.32,0,Gas,Entre 2 y 3,No,No,815.0818
124,124,68816.0,65,39.91,0,Central,Entre 2 y 3,Si,No,1058.7077
125,125,69116.0,52,58.08,1,Electrica,Entre 2 y 3,No,Si,1329.1538
126,126,69116.39,70,25.5,0,Gas,Entre 2 y 3,Si,No,987.377
127,127,69116.39,68,31.55,1,Electrica,Entre 2 y 3,Si,No,1016.4175
128,128,69150.8,62,27.68,0,Gas,Entre 2 y 3,No,No,1115.3355
129,129,70017.91,91,45.81,0,Central,Entre 2 y 3,No,Si,769.4276
130,130,70215.33,105,13.9,0,Central,Entre 2 y 3,Si,No,668.7174
131,131,70467.36,40,27.67,0,Central,Entre 2 y 3,Si,No,1761.684
132,132,70496.38,125,30.58,0,Central,Mas de 3,No,No,563.971
133,133,70618.92,83,36.65,1,No,Entre 2 y 3,Si,No,850.8304
134,134,71563.38,79,32.39,0,Gas,Entre 2 y 3,Si,Si,905.8656
135,135,72000.0,50,41.91,1,Central,Entre 2 y 3,No,No,1440.0
136,136,72000.0,69,32.02,0,Electrica,Entre 2 y 3,Si,No,1043.4783
137,137,72000.0,50,41.78,1,Electrica,Entre 2 y 3,No,No,1440.0
138,138,72000.0,64,42.24,1,No,Entre 2 y 3,No,No,1125.0
139,139,72000.0,63,33.19,1,Central,Entre 2 y 3,Si,No,1142.8571
140,140,72000.0,74,36.03,0,Gas,Entre 2 y 3,Si,Si,972.973
141,141,72088.83,83,41.78,0,Gas,Entre 2 y 3,No,No,868.5401
142,142,72120.0,61,21.58,0,Gas,Entre 2 y 3,Si,Si,1182.2951
143,143,72121.0,40,11.77,0,Gas,Entre 2 y 3,Si,Si,1803.025
144,144,72121.45,64,39.67,1,Central,Entre 2 y 3,No,No,1126.8977
145,145,72121.45,69,37.85,1,No,Entre 2 y 3,No,No,1045.2384
146,146,72121.45,50,41.1,1,No,Entre 2 y 3,No,No,1442.429
147,147,72121.45,48,61.67,0,No,Entre 2 y 3,No,No,1502.5302
148,148,72121.45,62,38.95,1,Electrica,Entre 2 y 3,No,No,1163.2492
149,149,72121.46,91,41.82,1,Central,Entre 2 y 3,No,No,792.5435
150,150,72123.0,60,40.46,1,No,Entre 2 y 3,No,No,1202.05
151,151,72125.0,64,27.45,1,Central,Entre 2 y 3,Si,No,1126.9531
152,152,72150.65,185,46.18,0,Central,Mas de 3,No,Si,390.0035
153,153,72329.01,76,36.45,0,No,Entre 2 y 3,Si,No,951.6975
154,154,73131.58,76,27.57,0,Central,Entre 2 y 3,Si,Si,962.2576
155,155,73235.0,125,5.08,1,Gas,Entre 2 y 3,Si,No,585.88
156,156,73398.0,66,22.98,0,Gas,Entre 2 y 3,Si,Si,1112.0909
157,157,73500.0,75,26.39,0,Central,Entre 2 y 3,Si,No,980.0
158,158,73623.98,78,53.02,1,Electrica,Mas de 3,No,No,943.8972
159,159,73852.0,84,47.88,0,No,Entre 2 y 3,No,Si,879.1905
160,160,74000.0,82,28.59,0,Gas,Entre 2 y 3,Si,Si,902.439
161,161,74197.5,55,47.21,0,Central,Entre 2 y 3,Si,No,1349.0455
162,162,74525.5,70,33.99,0,Electrica,Entre 2 y 3,No,No,1064.65
163,163,74525.5,82,35.87,0,No,Entre 2 y 3,No,No,908.8476
164,164,74553.77,80,32.74,0,Central,Entre 2 y 3,Si,Si,931.9221
165,165,75000.0,52,44.3,0,Electrica,Entre 2 y 3,No,No,1442.3077
166,166,75126.5,76,36.34,1,No,Entre 2 y 3,Si,No,988.5066
167,167,75126.51,72,36.01,1,No,Entre 2 y 3,Si,No,1043.4237
168,168,75126.51,48,41.5,0,No,Entre 2 y 3,No,No,1565.1356
169,169,75126.52,86,21.84,1,Gas,Entre 2 y 3,Si,Si,873.5642
170,170,76329.0,48,41.94,1,No,Entre 2 y 3,No,No,1590.1875
171,171,76484.0,52,52.64,0,Central,Entre 2 y 3,No,No,1470.8462
172,172,77732.76,80,27.39,1,Central,Entre 2 y 3,Si,No,971.6595
173,173,78000.0,66,33.39,1,Gas,Entre 2 y 3,No,No,1181.8182
174,174,78100.0,61,35.67,0,Central,Entre 2 y 3,No,No,1280.3279
175,175,78131.57,76,34.63,0,No,Entre 2 y 3,Si,Si,1028.047
176,176,78131.57,65,39.61,1,No,Entre 2 y 3,No,No,1202.0242
177,177,78131.57,62,40.48,1,No,Entre 2 y 3,No,No,1260.1866
178,178,78131.57,60,39.46,0,Electrica,Entre 2 y 3,No,No,1302.1928
179,179,78131.58,60,48.03,0,Electrica,Entre 2 y 3,No,Si,1302.193
180,180,78132.0,55,41.59,1,Gas,Entre 2 y 3,No,No,1420.5818
181,181,78132.0,55,37.28,0,Electrica,Entre 2 y 3,No,No,1420.5818
182,182,78132.0,74,34.74,0,Central,Mas de 3,No,No,1055.8378
183,183,78214.32,79,28.49,1,Gas,Entre 2 y 3,Si,Si,990.0547
184,184,78214.32,79,28.72,1,Gas,Entre 2 y 3,Si,Si,990.0547
185,185,78733.0,40,34.22,0,No,Menos de 2,No,No,1968.325
186,186,79734.61,63,43.59,0,No,Entre 2 y 3,No,No,1265.6287
187,187,79950.0,71,34.78,0,Gas,Entre 2 y 3,No,No,1126.0563
188,188,80000.0,61,41.05,0,Gas,Entre 2 y 3,No,No,1311.4754
189,189,80000.0,84,47.76,0,Gas,Entre 2 y 3,No,Si,952.381
190,190,80902.62,79,30.28,0,Gas,Entre 2 y 3,Si,No,1024.0838
191,191,81135.0,66,34.74,0,No,Entre 2 y 3,No,No,1229.3182
192,192,81136.0,55,38.43,1,Central,Entre 2 y 3,No,No,1475.2
193,193,81136.0,65,32.18,0,No,Entre 2 y 3,No,No,1248.2462
194,194,81136.63,95,31.47,0,Electrica,Entre 2 y 3,Si,Si,854.0698
195,195,81136.63,63,43.49,0,No,Entre 2 y 3,No,No,1287.883
196,196,81136.63,79,52.44,0,No,Entre 2 y 3,No,No,1027.0459
197,197,82170.14,125,10.86,1,Central,Entre 2 y 3,Si,Si,657.3611
198,198,82356.0,56,37.89,1,Central,Entre 2 y 3,Si,No,1470.6429
199,199,82639.17,66,4.88,0,Central,Entre 2 y 3,Si,Si,1252.1086
200,200,82831.24,125,10.67,0,Gas,Mas de 3,No,Si,662.6499
201,201,83818.0,135,10.4,0,Central,Entre 2 y 3,No,Si,620.8741
202,202,84000.0,48,23.21,0,Gas,Menos de 2,Si,Si,1750.0
203,203,84000.0,56,37.08,0,Central,Entre 2 y 3,No,No,1500.0
204,204,84000.0,66,43.21,1,Central,Entre 2 y 3,No,No,1272.7273
205,205,84000.0,66,41.82,1,Central,Entre 2 y 3,No,No,1272.7273
206,206,84000.0,78,39.65,0,Central,Mas de 3,No,No,1076.9231
207,207,84141.0,65,39.93,1,Gas,Entre 2 y 3,No,No,1294.4769
208,208,84141.0,50,41.88,1,Electrica,Entre 2 y 3,No,No,1682.82
209,209,84141.0,84,42.05,0,Gas,Entre 2 y 3,No,No,1001.6786
210,210,84141.69,55,37.87,1,Central,Menos de 2,No,No,1529.8489
211,211,84141.69,55,32.21,0,Central,Entre 2 y 3,No,No,1529.8489
212,212,84141.69,74,39.03,1,No,Entre 2 y 3,Si,No,1137.0499
213,213,84141.69,52,40.59,1,Gas,Entre 2 y 3,No,No,1618.1094
214,214,84142.0,56,33.34,0,Electrica,Entre 2 y 3,Si,No,1502.5357
215,215,84142.0,56,67.57,1,Electrica,Entre 2 y 3,No,No,1502.5357
216,216,84142.0,60,29.55,0,Electrica,Entre 2 y 3,No,Si,1402.3667
217,217,84142.0,52,39.68,1,No,Entre 2 y 3,No,No,1618.1154
218,218,84142.0,68,68.23,0,No,Entre 2 y 3,No,No,1237.3824
219,219,84150.0,40,69.82,0,No,Entre 2 y 3,No,No,2103.75
220,220,84200.0,65,66.46,0,Electrica,Entre 2 y 3,No,No,1295.3846
221,221,84488.0,125,10.78,0,Gas,Mas de 3,Si,Si,675.904
222,222,84742.0,52,42.99,0,No,Entre 2 y 3,Si,Si,1629.6538
223,223,85257.0,73,23.8,1,Gas,Mas de 3,Si,No,1167.9041
224,224,85435.0,84,34.87,0,No,Entre 2 y 3,Si,Si,1017.0833
225,225,85490.88,82,31.6,0,Electrica,Entre 2 y 3,Si,Si,1042.5717
226,226,85644.22,40,67.32,0,No,Entre 2 y 3,No,Si,2141.1055
227,227,86123.23,56,36.71,1,Central,Entre 2 y 3,Si,No,1537.9148
228,228,86535.89,135,7.38,1,Gas,Mas de 3,Si,No,641.0066
229,229,86872.89,73,31.66,1,Electrica,Entre 2 y 3,Si,No,1190.0396
230,230,87146.0,50,42.3,1,Gas,Entre 2 y 3,No,No,1742.92
231,231,87146.0,58,54.52,1,Gas,Entre 2 y 3,No,No,1502.5172
232,232,87146.0,56,33.1,1,Electrica,Entre 2 y 3,No,No,1556.1786
233,233,87146.0,80,33.99,0,No,Entre 2 y 3,Si,No,1089.325
234,234,87146.76,70,39.91,1,Gas,Entre 2 y 3,No,No,1244.9537
235,235,87146.76,70,32.39,1,Electrica,Entre 2 y 3,No,Si,1244.9537
236,236,87146.76,40,41.86,1,Electrica,Entre 2 y 3,No,No,2178.669
237,237,87146.76,68,9.65,1,Gas,Entre 2 y 3,Si,No,1281.57
238,238,87147.0,48,43.03,1,Electrica,Menos de 2,No,No,1815.5625
239,239,87147.0,40,42.3,0,No,Entre 2 y 3,No,No,2178.675
240,240,87237.0,55,39.8,1,Electrica,Entre 2 y 3,No,No,1586.1273
241,241,87520.16,76,25.06,1,Gas,Entre 2 y 3,Si,Si,1151.5811
242,242,87606.84,105,27.05,0,Central,Mas de 3,Si,No,834.3509
243,243,88349.0,69,32.68,1,Central,Entre 2 y 3,No,Si,1280.4203
244,244,88474.45,105,17.36,1,Central,Mas de 3,Si,Si,842.6138
245,245,90000.0,55,23.69,0,Gas,Entre 2 y 3,Si,No,1636.3636
246,246,90000.0,56,40.57,0,Central,Entre 2 y 3,Si,No,1607.1429
247,247,90000.0,56,40.63,0,Central,Entre 2 y 3,Si,No,1607.1429
248,248,90000.0,70,33.45,0,Electrica,Entre 2 y 3,Si,No,1285.7143
249,249,90000.0,50,41.92,1,Electrica,Entre 2 y 3,No,No,1800.0
250,250,90000.0,79,38.76,0,No,Entre 2 y 3,No,No,1139.2405
251,251,90000.0,89,67.52,0,No,Entre 2 y 3,Si,No,1011.236
252,252,90000.0,84,29.33,1,Central,Entre 2 y 3,Si,Si,1071.4286
253,253,90000.0,66,52.25,0,Electrica,Entre 2 y 3,Si,No,1363.6364
254,254,90000.0,65,54.02,0,Electrica,Entre 2 y 3,No,No,1384.6154
255,255,90000.0,79,29.51,1,Central,Mas de 3,Si,Si,1139.2405
256,256,90000.0,80,29.95,1,Central,Mas de 3,Si,Si,1125.0
257,257,90151.0,82,33.94,0,No,Mas de 3,Si,No,1099.4024
258,258,90151.81,72,37.47,1,No,Entre 2 y 3,Si,No,1252.1085
259,259,90151.81,82,27.97,1,Central,Entre 2 y 3,Si,No,1099.4123
260,260,90151.82,55,8.86,0,Central,Menos de 2,Si,Si,1639.124
261,261,90151.82,55,38.87,1,No,Entre 2 y 3,Si,No,1639.124
262,262,90151.82,62,23.68,1,Gas,Entre 2 y 3,Si,Si,1454.0616
263,263,90151.82,89,31.76,0,No,Entre 2 y 3,No,No,1012.9418
264,264,90151.82,65,37.88,0,No,Entre 2 y 3,Si,No,1386.9511
265,265,90151.82,64,37.95,1,No,Entre 2 y 3,No,No,1408.6222
266,266,90151.82,65,41.86,1,No,Entre 2 y 3,No,No,1386.9511
267,267,90151.82,78,40.09,0,Central,Entre 2 y 3,No,No,1155.7926
268,268,90152.0,66,41.33,1,Central,Entre 2 y 3,No,No,1365.9394
269,269,90152.0,56,34.53,0,Gas,Entre 2 y 3,No,No,1609.8571
270,270,90200.0,83,28.95,1,Central,Entre 2 y 3,No,No,1086.747
271,271,90400.0,86,27.06,1,Central,Mas de 3,Si,Si,1051.1628
272,272,91100.0,68,36.92,0,No,Entre 2 y 3,No,No,1339.7059
273,273,92000.0,65,34.78,0,No,Entre 2 y 3,Si,No,1415.3846
274,274,92560.0,84,34.83,0,Central,Mas de 3,Si,Si,1101.9048
275,275,93156.0,80,36.87,0,Central,Entre 2 y 3,No,No,1164.45
276,276,93156.0,50,40.38,1,Central,Entre 2 y 3,No,No,1863.12
277,277,93156.88,48,23.76,0,Gas,Entre 2 y 3,Si,No,1940.7683
278,278,93156.88,58,32.72,0,No,Entre 2 y 3,Si,Si,1606.1531
279,279,93157.0,78,33.01,1,No,Entre 2 y 3,No,Si,1194.3205
280,280,93157.0,70,78.75,0,No,Entre 2 y 3,No,No,1330.8143
281,281,93177.11,40,41.11,1,Central,Entre 2 y 3,No,No,2329.4277
282,282,93200.0,64,38.92,1,Electrica,Entre 2 y 3,No,No,1456.25
283,283,93900.0,48,34.72,1,Central,Entre 2 y 3,No,No,1956.25
284,284,94861.31,95,19.34,0,Central,Entre 2 y 3,Si,Si,998.5401
285,285,94902.12,82,26.47,1,Central,Entre 2 y 3,Si,No,1157.3429
286,286,94960.0,50,41.23,1,Electrica,Entre 2 y 3,No,No,1899.2
287,287,95161.77,71,38.3,1,Central,Entre 2 y 3,Si,No,1340.3066
288,288,95310.0,64,36.76,0,Gas,Entre 2 y 3,Si,No,1489.2188
289,289,95500.0,84,24.82,0,Gas,Entre 2 y 3,Si,Si,1136.9048
290,290,95716.0,63,36.85,1,No,Entre 2 y 3,No,No,1519.3016
291,291,96000.0,48,39.78,1,Central,Entre 2 y 3,No,No,2000.0
292,292,96000.0,58,56.05,0,Gas,Entre 2 y 3,No,No,1655.1724
293,293,96000.0,59,41.25,1,Central,Entre 2 y 3,Si,No,1627.1186
294,294,96000.0,78,31.02,1,Gas,Entre 2 y 3,Si,Si,1230.7692
295,295,96000.0,135,35.83,0,No,Mas de 3,Si,No,711.1111
296,296,96160.0,56,34.11,0,Electrica,Entre 2 y 3,Si,No,1717.1429
297,297,96160.0,76,36.22,0,No,Entre 2 y 3,Si,No,1265.2632
298,298,96161.0,50,41.86,1,Central,Entre 2 y 3,No,No,1923.22
299,299,96161.0,79,29.49,1,Central,Entre 2 y 3,Si,Si,1217.2278
300,300,96161.93,59,41.99,1,No,Entre 2 y 3,Si,No,1629.8632
301,301,96161.94,50,41.55,1,Gas,Entre 2 y 3,No,No,1923.2388
302,302,96161.94,78,25.13,0,Gas,Entre 2 y 3,Si,Si,1232.8454
303,303,96162.0,60,43.67,1,Central,Entre 2 y 3,No,No,1602.7
304,304,96162.0,72,41.04,0,No,Entre 2 y 3,Si,No,1335.5833
305,305,96163.0,50,41.03,1,Gas,Entre 2 y 3,No,No,1923.26
306,306,96173.0,63,34.78,1,Electrica,Entre 2 y 3,No,No,1526.5556
307,307,96300.0,64,40.38,1,Central,Entre 2 y 3,No,No,1504.6875
308,308,96500.0,50,41.05,1,No,Entre 2 y 3,No,No,1930.0
309,309,97373.0,55,31.95,1,Central,Entre 2 y 3,No,No,1770.4182
310,310,97545.21,63,37.2,0,Gas,Entre 2 y 3,No,No,1548.3367
311,311,97664.47,50,40.59,0,Central,Entre 2 y 3,No,No,1953.2894
312,312,97664.5,91,27.72,0,Central,Mas de 3,Si,Si,1073.2363
313,313,97837.79,95,4.95,0,Central,Entre 2 y 3,Si,No,1029.8715
314,314,97985.22,50,41.31,1,Gas,Entre 2 y 3,No,No,1959.7044
315,315,98000.0,69,37.66,1,Electrica,Entre 2 y 3,No,No,1420.2899
316,316,98165.7,72,35.41,0,Gas,Entre 2 y 3,No,No,1363.4125
317,317,98566.0,82,31.55,0,Electrica,Mas de 3,Si,Si,1202.0244
318,318,98576.0,61,44.17,1,Electrica,Entre 2 y 3,No,No,1616.0
319,319,99167.0,40,22.11,0,Gas,Entre 2 y 3,Si,Si,2479.175
320,320,99167.0,52,36.33,0,Electrica,Entre 2 y 3,No,No,1907.0577
321,321,99167.0,75,33.02,1,No,Entre 2 y 3,Si,Si,1322.2267
322,322,99167.0,115,40.03,1,Central,Mas de 3,Si,No,862.3217
323,323,99167.07,79,29.32,1,No,Entre 2 y 3,Si,Si,1255.2794
324,324,99765.0,65,26.8,0,Central,Entre 2 y 3,Si,No,1534.8462
325,325,100000.0,95,13.94,0,Gas,Mas de 3,Si,No,1052.6316
326,326,100369.0,78,37.11,1,Electrica,Entre 2 y 3,No,No,1286.7821
327,327,100369.0,80,28.96,1,Central,Entre 2 y 3,Si,No,1254.6125
328,328,100669.0,82,37.73,1,No,Entre 2 y 3,No,No,1227.6707
329,329,100800.0,83,26.68,1,Central,Entre 2 y 3,Si,Si,1214.4578
330,330,100933.79,86,28.93,0,Central,Entre 2 y 3,Si,Si,1173.6487
331,331,102000.0,55,33.94,0,Central,Entre 2 y 3,No,No,1854.5455
332,332,102000.0,55,39.8,1,Central,Entre 2 y 3,No,No,1854.5455
333,333,102000.0,75,30.48,1,Electrica,Entre 2 y 3,Si,No,1360.0
334,334,102000.0,65,34.22,0,Electrica,Entre 2 y 3,No,No,1569.2308
335,335,102080.0,50,41.67,1,Central,Entre 2 y 3,No,No,2041.6
336,336,102170.0,63,31.67,1,Electrica,Entre 2 y 3,Si,No,1621.746
337,337,102172.0,50,42.09,1,Central,Entre 2 y 3,No,No,2043.44
338,338,102172.0,105,44.33,1,No,Entre 2 y 3,No,No,973.0667
339,339,102172.0,65,36.92,1,Central,Entre 2 y 3,Si,No,1571.8769
340,340,102172.0,64,36.85,0,Electrica,Entre 2 y 3,No,No,1596.4375
341,341,102172.05,58,36.5,0,No,Entre 2 y 3,Si,No,1761.5871
342,342,102172.05,68,37.13,0,No,Entre 2 y 3,No,No,1502.5301
343,343,102172.06,62,40.94,1,Central,Entre 2 y 3,No,No,1647.9365
344,344,102172.06,58,34.8,0,Gas,Entre 2 y 3,Si,No,1761.5872
345,345,102172.06,55,34.83,0,Gas,Entre 2 y 3,No,No,1857.6738
346,346,102172.06,74,34.28,0,Gas,Entre 2 y 3,No,No,1380.7035
347,347,102172.06,75,35.36,0,Electrica,Entre 2 y 3,No,No,1362.2941
348,348,102172.18,79,38.05,1,No,Entre 2 y 3,Si,No,1293.3187
349,349,102178.0,50,42.2,1,Central,Entre 2 y 3,No,No,2043.56
350,350,102230.0,64,35.41,0,No,Entre 2 y 3,Si,No,1597.3438
351,351,103390.0,89,39.56,1,No,Entre 2 y 3,No,No,1161.6854
352,352,103800.0,52,41.94,1,Central,Entre 2 y 3,No,No,1996.1538
353,353,104576.0,91,63.45,0,No,Entre 2 y 3,No,No,1149.1868
354,354,105177.0,50,41.67,1,Central,Entre 2 y 3,No,No,2103.54
355,355,105177.0,59,41.34,1,Gas,Entre 2 y 3,No,No,1782.661
356,356,105177.0,50,41.82,1,Gas,Entre 2 y 3,No,No,2103.54
357,357,105177.11,48,21.68,0,Gas,Entre 2 y 3,Si,Si,2191.1898
358,358,105177.12,66,31.7,0,Electrica,Entre 2 y 3,No,No,1593.5927
359,359,105178.0,50,42.36,1,No,Entre 2 y 3,No,No,2103.56
360,360,105477.62,115,20.81,1,Central,Entre 2 y 3,Si,No,917.1967
361,361,106000.0,59,29.6,0,No,Entre 2 y 3,Si,Si,1796.6102
362,362,106080.33,76,36.84,1,No,Entre 2 y 3,Si,No,1395.7938
363,363,106170.0,48,39.65,1,Electrica,Menos de 2,Si,No,2211.875
364,364,106380.0,58,33.68,0,No,Entre 2 y 3,Si,No,1834.1379
365,365,106705.0,64,36.4,0,Electrica,Entre 2 y 3,No,No,1667.2656
366,366,107233.0,60,40.88,1,No,Entre 2 y 3,Si,No,1787.2167
367,367,107315.0,80,40.64,1,Central,Mas de 3,Si,No,1341.4375
368,368,107400.0,74,7.47,0,Gas,Entre 2 y 3,Si,No,1451.3514
369,369,108000.0,64,43.36,1,Central,Entre 2 y 3,No,Si,1687.5
370,370,108000.0,82,38.49,0,No,Entre 2 y 3,No,No,1317.0732
371,371,108000.0,60,38.35,0,Central,Entre 2 y 3,Si,No,1800.0
372,372,108000.0,89,39.67,1,Electrica,Mas de 3,No,No,1213.4831
373,373,108082.18,65,38.3,1,No,Entre 2 y 3,Si,No,1662.8028
374,374,108182.0,60,41.55,0,Central,Entre 2 y 3,No,No,1803.0333
375,375,108182.0,68,39.82,1,Electrica,Entre 2 y 3,No,No,1590.9118
376,376,108182.0,74,31.61,1,Electrica,Entre 2 y 3,No,Si,1461.9189
377,377,108182.0,60,39.72,1,No,Entre 2 y 3,No,No,1803.0333
378,378,108182.0,65,40.34,0,No,Entre 2 y 3,No,No,1664.3385
379,379,108182.0,72,36.34,0,Gas,Entre 2 y 3,Si,No,1502.5278
380,380,108182.0,84,46.96,0,Gas,Entre 2 y 3,No,No,1287.881
381,381,108182.0,71,12.93,0,Electrica,Entre 2 y 3,Si,No,1523.6901
382,382,108182.17,40,23.09,0,Gas,Menos de 2,Si,Si,2704.5543
383,383,108182.18,72,41.49,1,No,Entre 2 y 3,Si,No,1502.5303
384,384,108182.18,78,68.39,0,Electrica,Entre 2 y 3,No,Si,1386.951
385,385,108182.18,84,31.73,0,Electrica,Entre 2 y 3,Si,Si,1287.8831
386,386,108182.18,79,30.56,1,Central,Entre 2 y 3,Si,No,1369.3947
387,387,108182.18,78,30.36,1,Gas,Entre 2 y 3,Si,No,1386.951
388,388,108183.0,64,40.94,0,No,Entre 2 y 3,Si,No,1690.3594
389,389,108200.0,68,34.85,0,Central,Entre 2 y 3,No,No,1591.1765
390,390,108250.0,56,51.2,0,No,Entre 2 y 3,No,Si,1933.0357
391,391,108783.0,79,37.99,0,Gas,Entre 2 y 3,No,No,1377.0
392,392,108900.0,55,9.38,0,Central,Menos de 2,Si,Si,1980.0
393,393,109273.0,86,39.45,0,Central,Entre 2 y 3,Si,No,1270.6163
394,394,109384.0,56,40.18,1,No,Entre 2 y 3,No,No,1953.2857
395,395,109400.0,61,40.93,1,No,Entre 2 y 3,No,No,1793.4426
396,396,109550.76,115,34.63,0,No,Mas de 3,Si,Si,952.6153
397,397,109687.0,69,36.98,1,No,Entre 2 y 3,No,No,1589.6667
398,398,109763.0,63,21.75,1,Gas,Entre 2 y 3,Si,Si,1742.2698
399,399,110000.0,55,41.95,1,Central,Entre 2 y 3,No,No,2000.0
400,400,110170.0,95,38.05,0,No,Entre 2 y 3,No,No,1159.6842
401,401,111000.0,48,42.02,1,No,Entre 2 y 3,No,No,2312.5
402,402,111187.24,48,72.17,0,Central,Entre 2 y 3,No,No,2316.4008
403,403,111187.24,71,38.87,1,Gas,Entre 2 y 3,Si,No,1566.0175
404,404,111188.0,74,31.45,0,Central,Entre 2 y 3,Si,Si,1502.5405
405,405,111190.0,62,39.07,1,Central,Entre 2 y 3,No,No,1793.3871
406,406,111788.25,52,40.82,1,Gas,Entre 2 y 3,No,No,2149.774
407,407,112000.0,65,50.59,0,Central,Entre 2 y 3,Si,No,1723.0769
408,408,112389.0,75,32.97,1,Central,Entre 2 y 3,No,Si,1498.52
409,409,112500.0,105,12.72,0,Central,Entre 2 y 3,Si,Si,1071.4286
410,410,114192.0,63,32.49,0,Central,Entre 2 y 3,No,Si,1812.5714
411,411,114192.0,66,33.97,0,Central,Entre 2 y 3,Si,No,1730.1818
412,412,114192.3,40,67.21,0,No,Menos de 2,No,Si,2854.8075
413,413,114192.3,78,32.82,1,Gas,Entre 2 y 3,No,Si,1464.0038
414,414,114192.3,79,37.43,1,No,Entre 2 y 3,Si,No,1445.4722
415,415,114192.3,89,43.59,0,No,Entre 2 y 3,No,No,1283.0596
416,416,114200.0,80,39.45,1,No,Entre 2 y 3,Si,No,1427.5
417,417,114200.0,62,51.17,0,No,Entre 2 y 3,Si,Si,1841.9355
418,418,114242.9,58,36.26,0,Gas,Entre 2 y 3,Si,No,1969.7052
419,419,114670.0,185,53.0,0,Gas,Mas de 3,No,Si,619.8378
420,420,115000.0,52,43.59,1,No,Entre 2 y 3,Si,Si,2211.5385
421,421,115530.0,105,37.9,1,No,Mas de 3,Si,No,1100.2857
422,422,117197.0,52,33.45,0,No,Entre 2 y 3,Si,No,2253.7885
423,423,117197.0,59,35.05,1,Central,Entre 2 y 3,No,No,1986.3898
424,424,117197.36,60,35.57,0,No,Entre 2 y 3,Si,No,1953.2893
425,425,117197.36,66,43.93,1,Central,Entre 2 y 3,No,No,1775.7176
426,426,118000.0,125,43.87,1,Electrica,Entre 2 y 3,No,No,944.0
427,427,118399.38,79,29.96,1,Gas,Entre 2 y 3,Si,Si,1498.7263
428,428,118400.0,86,36.61,0,No,Mas de 3,Si,No,1376.7442
429,429,118700.0,89,66.74,0,No,Entre 2 y 3,Si,Si,1333.7079
430,430,119400.0,72,35.48,0,No,Entre 2 y 3,Si,No,1658.3333
431,431,119600.0,69,44.39,0,No,Entre 2 y 3,No,No,1733.3333
432,432,119602.0,56,39.43,1,Central,Entre 2 y 3,No,No,2135.75
433,433,120000.0,72,31.87,1,Central,Entre 2 y 3,Si,No,1666.6667
434,434,120000.0,48,41.03,1,Central,Entre 2 y 3,No,No,2500.0
435,435,120000.0,75,25.68,0,Gas,Entre 2 y 3,Si,No,1600.0
436,436,120000.0,95,61.21,0,Electrica,Entre 2 y 3,No,No,1263.1579
437,437,120000.0,95,62.13,0,Electrica,Entre 2 y 3,No,No,1263.1579
438,438,120000.0,65,33.93,0,No,Entre 2 y 3,Si,No,1846.1538
439,439,120000.0,83,28.91,1,Gas,Entre 2 y 3,Si,No,1445.7831
440,440,120000.0,79,38.74,1,Gas,Entre 2 y 3,Si,No,1518.9873
441,441,120000.0,83,38.26,1,Electrica,Entre 2 y 3,No,No,1445.7831
442,442,120000.0,89,66.71,0,Central,Mas de 3,No,Si,1348.3146
443,443,120092.41,91,25.93,0,Central,Entre 2 y 3,Si,Si,1319.6968
444,444,120200.0,78,34.48,1,No,Entre 2 y 3,Si,No,1541.0256
445,445,120201.0,71,24.42,1,Gas,Entre 2 y 3,Si,Si,1692.9718
446,446,120202.0,64,14.07,0,Central,Entre 2 y 3,Si,No,1878.1562
447,447,120202.0,84,28.81,1,Gas,Entre 2 y 3,Si,Si,1430.9762
448,448,120202.0,80,28.08,0,Central,Entre 2 y 3,Si,No,1502.525
449,449,120202.0,65,33.51,0,No,Entre 2 y 3,Si,No,1849.2615
450,450,120202.0,72,36.72,0,No,Entre 2 y 3,Si,No,1669.4722
451,451,120202.0,65,39.82,0,No,Entre 2 y 3,Si,No,1849.2615
452,452,120202.01,64,25.43,1,Gas,Entre 2 y 3,Si,Si,1878.1564
453,453,120202.42,52,42.51,1,Central,Entre 2 y 3,No,No,2311.585
454,454,120202.42,70,33.97,1,Electrica,Entre 2 y 3,Si,No,1717.1774
455,455,120202.42,95,62.13,0,Electrica,Entre 2 y 3,No,No,1265.2886
456,456,120202.42,71,35.55,1,No,Entre 2 y 3,Si,No,1692.9918
457,457,120202.42,95,5.8,0,Central,Entre 2 y 3,Si,Si,1265.2886
458,458,120202.42,69,32.73,1,Central,Entre 2 y 3,No,Si,1742.0641
459,459,120202.42,78,49.41,0,Gas,Entre 2 y 3,No,No,1541.0567
460,460,120202.42,78,25.91,1,Electrica,Entre 2 y 3,Si,Si,1541.0567
461,461,120202.42,73,41.74,0,Electrica,Entre 2 y 3,Si,No,1646.6085
462,462,120202.42,105,30.56,1,Electrica,Mas de 3,No,No,1144.785
463,463,120202.52,59,30.12,0,Electrica,Entre 2 y 3,Si,No,2037.3308
464,464,120203.0,95,47.5,0,Electrica,Entre 2 y 3,No,Si,1265.2947
465,465,120631.58,79,36.99,1,No,Entre 2 y 3,Si,No,1526.982
466,466,120803.43,74,33.73,0,No,Mas de 3,Si,No,1632.4788
467,467,120843.0,74,36.35,0,No,Mas de 3,Si,Si,1633.0135
468,468,122000.0,78,28.52,1,Central,Entre 2 y 3,Si,Si,1564.1026
469,469,122100.0,58,35.35,1,Central,Entre 2 y 3,No,No,2105.1724
470,470,123000.0,40,24.57,0,Gas,Entre 2 y 3,Si,No,3075.0
471,471,123000.0,80,33.07,1,Central,Entre 2 y 3,Si,Si,1537.5
472,472,123000.0,89,38.28,1,Central,Mas de 3,No,No,1382.0225
473,473,123207.0,78,37.72,1,Central,Entre 2 y 3,No,No,1579.5769
474,474,123207.48,79,7.67,0,Gas,Entre 2 y 3,Si,Si,1559.5884
475,475,123207.48,78,30.51,1,Gas,Entre 2 y 3,Si,No,1579.5831
476,476,123208.0,83,0.92,0,Central,Entre 2 y 3,Si,Si,1484.4337
477,477,123233.8,80,27.29,0,Central,Entre 2 y 3,Si,No,1540.4225
478,478,124333.01,72,42.9,0,Central,Entre 2 y 3,Si,No,1726.8474
479,479,125000.0,52,43.1,1,Central,Entre 2 y 3,No,No,2403.8462
480,480,126150.0,58,56.21,1,Gas,Entre 2 y 3,No,Si,2175.0
481,481,126200.0,71,36.27,0,Central,Entre 2 y 3,No,No,1777.4648
482,482,126212.0,62,38.16,1,Central,Entre 2 y 3,No,No,2035.6774
483,483,126212.54,52,46.12,1,No,Entre 2 y 3,Si,No,2427.1642
484,484,126212.54,76,31.88,0,No,Entre 2 y 3,Si,No,1660.6913
485,485,126212.54,78,35.97,0,No,Entre 2 y 3,No,Si,1618.1095
486,486,126488.0,86,31.48,1,Electrica,Entre 2 y 3,Si,No,1470.7907
487,487,128000.0,68,8.13,0,Central,Entre 2 y 3,Si,No,1882.3529
488,488,128488.18,72,45.86,0,Gas,Entre 2 y 3,Si,Si,1784.5581
489,489,128600.0,40,66.85,0,No,Entre 2 y 3,No,Si,3215.0
490,490,129215.0,83,31.48,0,Electrica,Entre 2 y 3,Si,Si,1556.8072
491,491,129217.6,59,34.85,1,Central,Entre 2 y 3,Si,No,2190.1288
492,492,129217.6,61,5.56,0,Gas,Entre 2 y 3,Si,Si,2118.3213
493,493,130000.0,76,44.9,1,Central,Entre 2 y 3,Si,Si,1710.5263
494,494,130000.0,61,3.31,1,Gas,Entre 2 y 3,Si,Si,2131.1475
495,495,130000.0,135,3.4,0,Gas,Entre 2 y 3,Si,Si,962.963
496,496,130151.82,82,30.42,0,Electrica,Mas de 3,Si,Si,1587.2173
497,497,130720.13,52,42.49,1,Central,Entre 2 y 3,No,No,2513.8487
498,498,131407.5,89,37.47,0,No,Entre 2 y 3,Si,No,1476.4888
499,499,131621.65,74,32.55,1,No,Entre 2 y 3,Si,Si,1778.6709
500,500,132000.0,61,30.0,0,Electrica,Entre 2 y 3,No,No,2163.9344
501,501,132000.0,60,38.87,1,Central,Entre 2 y 3,Si,No,2200.0
502,502,132200.0,84,44.76,0,No,Entre 2 y 3,No,No,1573.8095
503,503,132220.0,79,30.97,1,Central,Entre 2 y 3,Si,Si,1673.6709
504,504,132222.0,74,5.66,0,Central,Entre 2 y 3,Si,Si,1786.7838
505,505,132222.0,80,29.9,1,Electrica,Entre 2 y 3,Si,Si,1652.775
506,506,132222.66,70,2.22,1,Central,Entre 2 y 3,Si,Si,1888.8951
507,507,132222.66,78,2.66,0,Gas,Entre 2 y 3,Si,Si,1695.1623
508,508,132222.66,63,26.38,0,Gas,Entre 2 y 3,Si,Si,2098.7724
509,509,132222.66,59,30.27,0,Electrica,Entre 2 y 3,Si,No,2241.062
510,510,132222.66,70,36.45,1,No,Entre 2 y 3,Si,No,1888.8951
511,511,132222.66,72,37.36,1,No,Entre 2 y 3,No,No,1836.4258
512,512,132222.66,89,37.21,0,Central,Entre 2 y 3,Si,No,1485.6479
513,513,132222.66,74,6.78,0,Gas,Entre 2 y 3,Si,No,1786.7927
514,514,132228.0,63,42.34,1,No,Entre 2 y 3,No,No,2098.8571
515,515,132253.0,89,1.36,0,Central,Entre 2 y 3,Si,Si,1485.9888
516,516,133227.0,72,35.18,0,No,Entre 2 y 3,Si,No,1850.375
517,517,133425.0,74,24.44,0,Gas,Entre 2 y 3,Si,Si,1803.0405
518,518,133875.0,80,32.59,1,Central,Entre 2 y 3,No,Si,1673.4375
519,519,135000.0,82,29.02,1,Central,Entre 2 y 3,Si,Si,1646.3415
520,520,135100.0,76,38.93,1,Central,Entre 2 y 3,Si,No,1777.6316
521,521,135227.0,82,33.45,0,No,Entre 2 y 3,Si,No,1649.1098
522,522,135227.72,95,10.19,0,Gas,Entre 2 y 3,Si,No,1423.4497
523,523,135232.0,76,37.21,0,Electrica,Entre 2 y 3,No,No,1779.3684
524,524,135272.54,72,43.05,0,No,Entre 2 y 3,Si,No,1878.7853
525,525,135553.0,80,30.9,1,Central,Entre 2 y 3,Si,Si,1694.4125
526,526,136378.0,91,33.21,0,No,Entre 2 y 3,Si,Si,1498.6593
527,527,136450.0,65,38.41,0,No,Entre 2 y 3,Si,No,2099.2308
528,528,136750.0,74,27.48,0,Central,Entre 2 y 3,Si,No,1847.973
529,529,137030.0,68,40.86,1,Central,Entre 2 y 3,Si,No,2015.1471
530,530,137581.47,71,32.1,1,Central,Entre 2 y 3,No,No,1937.7672
531,531,138000.0,76,31.81,1,No,Entre 2 y 3,Si,No,1815.7895
532,532,138232.0,60,31.05,0,No,Entre 2 y 3,No,Si,2303.8667
533,533,138232.0,86,33.09,1,Gas,Mas de 3,Si,Si,1607.3488
534,534,138232.78,105,31.37,0,Electrica,Entre 2 y 3,Si,Si,1316.5027
535,535,138232.78,75,22.53,1,Gas,Entre 2 y 3,Si,Si,1843.1037
536,536,138232.78,91,23.45,1,Gas,Entre 2 y 3,Si,No,1519.0415
537,537,138232.78,79,27.68,0,Central,Entre 2 y 3,Si,Si,1749.782
538,538,138232.78,62,36.42,0,Central,Entre 2 y 3,Si,No,2229.561
539,539,138232.79,82,1.66,0,Gas,Entre 2 y 3,Si,Si,1685.7657
540,540,138233.0,73,28.08,1,Central,Entre 2 y 3,Si,Si,1893.6027
541,541,138233.0,76,35.14,1,Gas,Entre 2 y 3,No,No,1818.8553
542,542,138233.0,125,56.44,0,Central,Mas de 3,Si,Si,1105.864
543,543,139434.81,80,39.81,0,No,Entre 2 y 3,Si,No,1742.9351
544,544,140000.0,62,39.57,1,No,Entre 2 y 3,Si,No,2258.0645
545,545,140035.82,91,45.92,0,Central,Entre 2 y 3,No,No,1538.8552
546,546,140171.0,95,41.09,1,Gas,Mas de 3,Si,No,1475.4842
547,547,141000.0,115,40.07,1,Gas,Mas de 3,Si,No,1226.087
548,548,143762.0,105,28.38,1,Central,Entre 2 y 3,Si,Si,1369.1619
549,549,144242.0,74,34.27,0,No,Mas de 3,Si,No,1949.2162
550,550,144242.91,83,32.72,0,No,Entre 2 y 3,Si,Si,1737.8664
551,551,144242.91,84,33.09,1,Gas,Entre 2 y 3,Si,Si,1717.1775
552,552,144243.0,91,6.49,0,Gas,Entre 2 y 3,Si,Si,1585.0879
553,553,144899.64,95,43.34,0,No,Entre 2 y 3,No,No,1525.2594
554,554,145000.0,105,27.63,1,Central,Mas de 3,Si,Si,1380.9524
555,555,145445.0,82,36.38,0,No,Entre 2 y 3,Si,No,1773.7195
556,556,146350.0,48,43.13,1,Central,Menos de 2,No,No,3048.9583
557,557,146532.0,79,28.82,1,Central,Entre 2 y 3,Si,Si,1854.8354
558,558,147247.0,84,36.01,0,No,Entre 2 y 3,No,Si,1752.9405
559,559,147247.96,82,56.72,0,Central,Entre 2 y 3,Si,Si,1795.7068
560,560,147247.97,80,39.87,1,Central,Entre 2 y 3,No,No,1840.5996
561,561,147248.0,48,24.73,0,Gas,Entre 2 y 3,Si,Si,3067.6667
562,562,147248.0,82,33.52,0,No,Entre 2 y 3,Si,No,1795.7073
563,563,147750.5,68,39.38,0,No,Menos de 2,Si,No,2172.8015
564,564,148283.89,105,40.07,1,No,Entre 2 y 3,Si,No,1412.2275
565,565,149051.0,69,37.3,1,Gas,Entre 2 y 3,No,No,2160.1594
566,566,149444.0,82,27.91,1,Central,Entre 2 y 3,Si,No,1822.4878
567,567,149975.0,91,27.36,1,Central,Mas de 3,Si,Si,1648.0769
568,568,150000.0,95,40.65,1,No,Entre 2 y 3,Si,No,1578.9474
569,569,150253.0,72,41.57,0,No,Entre 2 y 3,Si,No,2086.8472
570,570,150253.0,69,39.35,1,No,Entre 2 y 3,Si,No,2177.5797
571,571,150253.0,115,56.01,0,No,Entre 2 y 3,Si,No,1306.5478
572,572,150253.0,52,24.71,0,Central,Entre 2 y 3,Si,No,2889.4808
573,573,150253.0,69,42.92,0,Central,Entre 2 y 3,Si,No,2177.5797
574,574,150253.02,64,26.23,1,Gas,Entre 2 y 3,Si,No,2347.7034
575,575,150253.03,84,31.0,1,Electrica,Entre 2 y 3,Si,Si,1788.7265
576,576,150253.03,86,43.56,0,No,Entre 2 y 3,Si,No,1747.1283
577,577,150255.0,72,34.73,1,Central,Entre 2 y 3,Si,No,2086.875
578,578,150273.0,75,28.93,1,Central,Entre 2 y 3,Si,Si,2003.64
579,579,151253.03,185,62.57,0,No,Mas de 3,Si,Si,817.5839
580,580,151290.63,115,40.4,0,No,Mas de 3,Si,No,1315.5707
581,581,152425.08,185,27.1,0,Central,Mas de 3,Si,Si,823.9194
582,582,152600.0,125,39.7,0,No,Entre 2 y 3,No,No,1220.8
583,583,153258.0,80,2.66,0,Gas,Entre 2 y 3,Si,Si,1915.725
584,584,153258.0,74,15.1,1,Gas,Entre 2 y 3,Si,No,2071.0541
585,585,153258.09,73,17.57,0,Gas,Entre 2 y 3,Si,Si,2099.4259
586,586,153258.09,80,23.38,1,Gas,Entre 2 y 3,Si,No,1915.7261
587,587,153260.0,68,42.43,0,No,Entre 2 y 3,Si,No,2253.8235
588,588,153588.48,105,40.44,0,Electrica,Mas de 3,No,No,1462.7474
589,589,154400.0,71,28.1,1,Central,Entre 2 y 3,Si,Si,2174.6479
590,590,154760.0,86,42.49,1,Central,Mas de 3,Si,No,1799.5349
591,591,155253.0,64,3.76,0,Central,Entre 2 y 3,Si,Si,2425.8281
592,592,156000.0,78,34.5,0,No,Entre 2 y 3,Si,No,2000.0
593,593,156000.0,78,52.45,0,Electrica,Mas de 3,No,No,2000.0
594,594,156263.0,48,22.35,0,Gas,Entre 2 y 3,Si,Si,3255.4792
595,595,156263.14,84,28.89,0,Central,Entre 2 y 3,Si,Si,1860.2755
596,596,156263.15,75,25.92,0,Gas,Entre 2 y 3,Si,No,2083.5087
597,597,156263.15,105,22.47,0,Gas,Mas de 3,Si,No,1488.2205
598,598,157140.0,48,23.63,0,Gas,Entre 2 y 3,Si,No,3273.75
599,599,157460.32,84,47.89,0,Gas,Entre 2 y 3,No,Si,1874.5276
600,600,158066.18,86,45.27,0,Central,Entre 2 y 3,No,No,1837.9788
601,601,159268.0,78,1.62,0,Central,Entre 2 y 3,Si,Si,2041.8974
602,602,159268.0,60,39.1,1,Central,Entre 2 y 3,Si,No,2654.4667
603,603,159269.0,80,2.94,0,Gas,Entre 2 y 3,Si,Si,1990.8625
604,604,162273.27,65,40.28,1,Gas,Entre 2 y 3,Si,No,2496.5118
605,605,162273.27,71,28.1,1,Central,Entre 2 y 3,Si,Si,2285.539
606,606,162273.27,125,40.55,1,No,Entre 2 y 3,No,No,1298.1862
607,607,162287.0,50,23.63,0,Gas,Entre 2 y 3,Si,No,3245.74
608,608,162300.0,82,10.27,0,Central,Entre 2 y 3,Si,Si,1979.2683
609,609,163475.0,65,38.45,0,Central,Entre 2 y 3,Si,No,2515.0
610,610,163476.0,83,23.33,1,Gas,Entre 2 y 3,Si,Si,1969.5904
611,611,163775.0,73,36.04,1,Central,Entre 2 y 3,Si,No,2243.4932
612,612,164076.0,83,33.45,0,No,Entre 2 y 3,Si,No,1976.8193
613,613,165000.0,65,26.38,1,Gas,Entre 2 y 3,Si,Si,2538.4615
614,614,165278.0,74,8.93,0,Gas,Entre 2 y 3,Si,Si,2233.4865
615,615,165278.0,64,14.08,0,Gas,Entre 2 y 3,Si,No,2582.4688
616,616,165283.0,86,31.88,1,No,Entre 2 y 3,Si,No,1921.8953
617,617,166500.0,91,27.92,1,No,Mas de 3,Si,No,1829.6703
618,618,167081.37,83,34.84,1,No,Entre 2 y 3,Si,Si,2013.0286
619,619,167433.84,105,30.49,0,Electrica,Mas de 3,Si,Si,1594.608
620,620,167538.14,86,4.76,0,Gas,Entre 2 y 3,Si,No,1948.1179
621,621,168283.0,73,32.23,0,No,Entre 2 y 3,Si,No,2305.2466
622,622,168284.0,40,26.68,0,Central,Menos de 2,Si,No,4207.1
623,623,168303.0,82,31.85,0,No,Entre 2 y 3,Si,Si,2052.4756
624,624,170731.3,105,29.76,0,Electrica,Mas de 3,No,Si,1626.0124
625,625,171288.0,52,35.35,0,No,Entre 2 y 3,Si,No,3294.0
626,626,171288.45,115,40.84,1,Gas,Mas de 3,Si,No,1489.4648
627,627,171288.81,82,33.93,0,Central,Mas de 3,Si,No,2088.8879
628,628,171323.87,115,6.96,0,Gas,Entre 2 y 3,Si,Si,1489.7728
629,629,172000.0,83,23.97,0,Gas,Entre 2 y 3,Si,Si,2072.2892
630,630,174293.0,89,28.1,1,Gas,Entre 2 y 3,Si,Si,1958.3483
631,631,174293.51,76,36.16,0,No,Entre 2 y 3,Si,Si,2293.3357
632,632,174293.51,74,68.29,0,Electrica,Entre 2 y 3,No,Si,2355.3177
633,633,174293.52,95,25.81,0,Gas,Entre 2 y 3,Si,Si,1834.6686
634,634,175500.0,95,41.04,1,No,Entre 2 y 3,Si,No,1847.3684
635,635,176097.0,105,3.72,0,Central,Mas de 3,Si,Si,1677.1143
636,636,176500.0,69,23.7,0,Gas,Entre 2 y 3,Si,No,2557.971
637,637,177298.57,105,43.46,0,No,Entre 2 y 3,Si,No,1688.5578
638,638,179402.12,105,2.2,0,Gas,Entre 2 y 3,Si,Si,1708.5916
639,639,180000.0,72,27.68,1,Central,Entre 2 y 3,Si,Si,2500.0
640,640,180000.0,74,29.19,0,No,Entre 2 y 3,Si,Si,2432.4324
641,641,180000.0,83,34.88,0,No,Entre 2 y 3,Si,No,2168.6747
642,642,180000.0,86,35.03,1,No,Entre 2 y 3,Si,Si,2093.0233
643,643,180000.0,89,46.06,0,No,Mas de 3,Si,No,2022.4719
644,644,180303.0,89,8.29,0,Gas,Entre 2 y 3,Si,Si,2025.8764
645,645,180303.0,105,27.7,1,Central,Entre 2 y 3,Si,Si,1717.1714
646,646,180303.0,95,29.99,1,Electrica,Entre 2 y 3,Si,Si,1897.9263
647,647,180303.0,105,15.02,0,Central,Entre 2 y 3,Si,No,1717.1714
648,648,180303.63,115,37.35,0,Gas,Entre 2 y 3,Si,No,1567.8577
649,649,180304.0,70,25.8,1,Gas,Entre 2 y 3,Si,Si,2575.7714
650,650,180304.0,74,28.15,0,Central,Entre 2 y 3,Si,Si,2436.5405
651,651,180304.0,89,32.6,1,No,Mas de 3,Si,Si,2025.8876
652,652,181505.66,91,64.22,0,No,Entre 2 y 3,No,No,1994.5677
653,653,182000.0,115,15.11,0,Gas,Entre 2 y 3,Si,No,1582.6087
654,654,182344.11,48,7.93,0,Central,Entre 2 y 3,Si,No,3798.8356
655,655,183308.59,74,29.33,0,Electrica,Entre 2 y 3,Si,Si,2477.1431
656,656,185000.0,84,32.93,1,No,Entre 2 y 3,Si,Si,2202.381
657,657,186300.0,115,10.67,0,Gas,Entre 2 y 3,Si,Si,1620.0
658,658,186313.75,75,18.2,0,Gas,Entre 2 y 3,Si,Si,2484.1833
659,659,186313.75,91,24.99,1,Gas,Entre 2 y 3,Si,No,2047.4038
660,660,186313.75,75,51.39,1,No,Entre 2 y 3,Si,Si,2484.1833
661,661,186350.0,105,27.27,1,Central,Mas de 3,Si,No,1774.7619
662,662,189318.81,80,24.0,0,Gas,Entre 2 y 3,Si,No,2366.4851
663,663,189623.74,115,25.73,0,Gas,Entre 2 y 3,Si,No,1648.9021
664,664,192323.0,73,30.38,1,Electrica,Entre 2 y 3,Si,Si,2634.5616
665,665,192323.87,105,22.79,0,Gas,Entre 2 y 3,Si,No,1831.6559
666,666,192671.01,115,31.99,0,No,Mas de 3,Si,Si,1675.4001
667,667,192712.0,91,4.84,0,Central,Entre 2 y 3,Si,No,2117.7143
668,668,193000.0,83,32.79,1,No,Entre 2 y 3,Si,Si,2325.3012
669,669,195328.93,59,1.93,0,Gas,Entre 2 y 3,Si,Si,3310.6598
670,670,195329.0,73,14.07,1,Central,Entre 2 y 3,Si,Si,2675.7397
671,671,195350.0,82,32.02,0,No,Entre 2 y 3,Si,Si,2382.3171
672,672,196531.0,84,27.89,1,No,Entre 2 y 3,Si,Si,2339.6548
673,673,198334.0,65,35.74,1,Gas,Entre 2 y 3,No,No,3051.2923
674,674,198344.1,95,25.73,1,Gas,Entre 2 y 3,Si,Si,2087.8326
675,675,199536.0,86,33.77,1,No,Mas de 3,Si,No,2320.186
676,676,200000.0,105,31.27,0,No,Mas de 3,Si,Si,1904.7619
677,677,200100.0,125,34.49,1,No,Mas de 3,No,Si,1600.8
678,678,201335.0,80,41.1,1,Gas,Entre 2 y 3,Si,No,2516.6875
679,679,204344.12,91,27.59,0,Central,Entre 2 y 3,Si,Si,2245.5398
680,680,204345.0,115,3.84,0,Central,Entre 2 y 3,Si,Si,1776.913
681,681,204500.0,71,7.39,0,Gas,Entre 2 y 3,Si,No,2880.2817
682,682,207000.0,64,12.83,0,Gas,Entre 2 y 3,Si,No,3234.375
683,683,207349.18,86,35.69,1,No,Entre 2 y 3,Si,Si,2411.037
684,684,207350.0,83,25.12,0,Gas,Entre 2 y 3,Si,Si,2498.1928
685,685,210000.0,115,26.43,0,Central,Entre 2 y 3,Si,Si,1826.087
686,686,210354.0,135,6.87,1,Central,Mas de 3,Si,No,1558.1778
687,687,210354.0,95,40.92,1,Gas,Mas de 3,Si,No,2214.2526
688,688,210354.23,65,27.88,0,Central,Entre 2 y 3,Si,No,3236.2189
689,689,210354.24,91,43.19,1,Central,Entre 2 y 3,Si,No,2311.5851
690,690,210354.24,62,42.5,0,Gas,Entre 2 y 3,No,No,3392.8103
691,691,210354.24,185,77.44,0,Central,Mas de 3,No,Si,1137.0499
692,692,210354.24,80,27.93,1,Gas,Mas de 3,Si,No,2629.428
693,693,210354.3,86,23.72,0,Gas,Entre 2 y 3,Si,No,2445.9802
694,694,214121.51,48,24.08,0,Gas,Entre 2 y 3,Si,No,4460.8648
695,695,214121.51,80,24.08,0,Gas,Mas de 3,Si,No,2676.5189
696,696,216364.34,69,32.91,1,Central,Entre 2 y 3,No,Si,3135.7151
697,697,216370.0,125,40.94,1,No,Entre 2 y 3,Si,No,1730.96
698,698,217466.08,95,43.98,1,Gas,Entre 2 y 3,Si,Si,2289.1166
699,699,217571.0,135,12.03,0,Gas,Mas de 3,No,Si,1611.637
700,700,218000.0,89,9.59,0,Central,Entre 2 y 3,Si,Si,2449.4382
701,701,221100.0,185,75.15,0,No,Mas de 3,No,Si,1195.1351
702,702,222374.48,89,24.89,0,Gas,Entre 2 y 3,Si,Si,2498.5897
703,703,222374.48,125,40.26,0,Central,Mas de 3,Si,No,1778.9958
704,704,222375.0,95,44.33,1,No,Entre 2 y 3,Si,Si,2340.7895
705,705,225379.54,86,39.07,1,Central,Entre 2 y 3,Si,No,2620.6923
706,706,228384.59,48,7.76,0,Gas,Menos de 2,Si,No,4758.0123
707,707,228384.59,115,33.04,0,No,Mas de 3,Si,Si,1985.953
708,708,228384.6,84,43.46,0,Central,Entre 2 y 3,Si,No,2718.8643
709,709,234394.72,105,29.87,0,Electrica,Mas de 3,No,Si,2232.3307
710,710,234395.0,185,0.83,0,Central,Mas de 3,Si,Si,1267.0
711,711,234400.0,91,6.95,1,Gas,Entre 2 y 3,Si,No,2575.8242
712,712,234445.33,80,6.25,0,Central,Entre 2 y 3,Si,Si,2930.5666
713,713,240404.84,115,24.74,0,Gas,Entre 2 y 3,Si,No,2090.4769
714,714,240404.84,89,34.39,0,No,Entre 2 y 3,Si,No,2701.178
715,715,240404.84,115,38.5,1,Gas,Entre 2 y 3,Si,No,2090.4769
716,716,241637.2,105,24.81,0,Gas,Entre 2 y 3,Si,No,2301.3067
717,717,242000.0,74,36.48,0,No,Entre 2 y 3,Si,No,3270.2703
718,718,243409.9,78,43.86,0,Central,Menos de 2,No,Si,3120.6397
719,719,246415.0,105,48.39,0,Gas,Entre 2 y 3,No,No,2346.8095
720,720,248436.0,105,31.24,0,No,Entre 2 y 3,Si,Si,2366.0571
721,721,250020.09,48,24.08,0,Gas,Entre 2 y 3,Si,No,5208.7519
722,722,260450.68,185,32.35,0,No,Mas de 3,Si,Si,1407.8415
723,723,261599.2,115,25.75,0,Gas,Entre 2 y 3,Si,No,2274.7757
724,724,261599.2,115,26.46,0,Central,Entre 2 y 3,Si,No,2274.7757
725,725,263540.0,125,91.71,0,Central,Mas de 3,No,No,2108.32
726,726,268419.75,185,27.68,0,Central,Mas de 3,No,Si,1450.9176
727,727,270455.45,185,26.62,0,Central,Mas de 3,No,Si,1461.9214
728,728,270455.45,185,43.48,0,No,Mas de 3,No,Si,1461.9214
729,729,270455.45,135,64.32,1,No,Mas de 3,Si,No,2003.3737
730,730,274000.0,135,27.97,0,No,Entre 2 y 3,Si,Si,2029.6296
731,731,275000.0,115,37.89,1,No,Entre 2 y 3,Si,No,2391.3043
732,732,276400.65,115,45.4,0,No,Mas de 3,Si,No,2403.4839
733,733,294495.93,125,40.51,1,No,Entre 2 y 3,Si,No,2355.9674
734,734,294500.0,115,23.53,0,Gas,Entre 2 y 3,Si,No,2560.8696
735,735,296000.0,105,44.79,0,Electrica,Mas de 3,No,No,2819.0476
736,736,300506.05,135,45.89,0,No,Entre 2 y 3,No,Si,2225.9707
737,737,306516.0,185,42.75,0,No,Mas de 3,No,Si,1656.8432
738,738,306516.0,89,6.89,0,Central,Mas de 3,Si,Si,3444.0
739,739,318536.42,68,23.36,0,Gas,Menos de 2,Si,No,4684.3591
740,740,318536.42,125,34.62,1,No,Mas de 3,No,Si,2548.2914
741,741,337185.0,185,40.9,1,No,Mas de 3,No,Si,1822.6216
742,742,338381.96,69,24.25,0,Gas,Entre 2 y 3,Si,No,4904.0864
743,743,367000.0,40,1.41,0,Gas,Entre 2 y 3,Si,Si,9175.0
744,744,367000.0,48,1.41,0,Gas,Entre 2 y 3,Si,Si,7645.8333
745,745,367000.0,48,1.41,0,Gas,Entre 2 y 3,Si,Si,7645.8333
746,746,367000.0,48,1.41,0,Gas,Entre 2 y 3,Si,Si,7645.8333
747,747,369600.0,185,61.79,0,Central,Mas de 3,No,Si,1997.8378
748,748,370000.0,185,44.79,0,No,Mas de 3,No,Si,2000.0
